TICKER;PRECO;ULTIMO DIVIDENDO;DY;VALOR PATRIMONIAL COTA;P/VP;LIQUIDEZ MEDIA DIARIA;PERCENTUAL EM CAIXA;CAGR DIVIDENDOS 3 ANOS; CAGR VALOR CORA 3 ANOS;PATRIMONIO;N COTISTAS;GESTAO; N COTAS
ABCP11;75,89;0,700000;9,22;106,92;0,71;58.177,91;1,83;1,47;7,04;503.496.718,25;15.558,00;Passiva;4.709.082,00
AFHI11;94,51;0,930000;13,19;95,58;0,99;1.109.564,82;9,19;-8,71;0,34;435.416.167,85;42.404,00;Ativa;4.555.618,00
AIEC11;42,42;0,620000;20,46;84,75;0,50;649.803,64;3,71;-1,13;-15,31;408.907.306,13;18.699,00;Ativa;4.824.987,00
AJFI11;7,29;0,070000;11,52;12,25;0,60;631.469,23;0,70;;;387.523.963,60;13.438,00;Ativa;31.625.978,00
ALMI11;577,11;5,000000;2,47;2.172,91;0,27;24.991,77;4,23;;-16,77;241.578.065,81;2.105,00;Passiva;111.177,00
ALZC11;91,50;1,250000;9,02;63,81;1,43;393.275,59;3,50;;;118.155.565,38;8.102,00;;1.851.786,00
ALZM11;7,25;0,085000;15,78;8,07;0,90;200.172,86;4,88;-4,82;-54,99;122.568.479,22;12.022,00;Ativa;15.180.540,00
ALZR11;100,32;0,775000;9,97;105,55;0,95;1.995.116,18;21,73;-13,15;-0,10;1.290.578.615,61;157.190,00;Ativa;12.226.625,00
ANCR11B;3.221,00;1,570972;1,37;108,69;29,63;3.221,00;1,61;;;2.905.722.882,79;139,00;Ativa;26.735.046,00
APTO11;9,08;0,090000;11,89;9,89;0,92;64.174,86;4,82;;;45.623.457,79;9.226,00;Ativa;4.612.227,00
APXM11;101,89;0,473638;6,94;97,28;1,05;166.517,05;0,82;;;217.304.809,90;468,00;;2.233.749,00
APXR11;100,00;;0,00;79,99;1,25;13,64;0,47;;;8.763.816,05;130,00;;109.567,00
APXU11;0,00;;0,00;88,43;;;94,67;;;8.979.090,11;40,00;Ativa;101.542,00
AQLL11;385,03;;0,00;939,49;0,41;;0,06;;;136.994.582,70;84,00;Ativa;145.817,00
ARFI11B;479,99;;0,00;63,81;7,52;;3,50;;;118.155.565,38;8.102,00;;1.851.786,00
AROA11;1,11;0,006200;6,58;0,99;1,12;8.978,91;1,49;;;165.880.674,15;3.432,00;Ativa;167.926.832,00
ARRI11;8,65;0,090000;13,76;8,57;1,01;495.476,00;13,32;-9,31;-0,46;168.402.861,21;26.931,00;Ativa;19.646.886,00
ARXD11;8,29;0,100000;14,84;95,91;0,09;159.723,05;4,37;;;86.427.918,96;1.310,00;Ativa;901.117,00
ASMT11;37,00;0,770000;0,00;91,33;0,41;1.546,27;3,81;;-28,56;98.751.193,07;464,00;Ativa;1.081.257,00
ASRF11;10.942,00;256,328699;0,00;9.415,57;1,16;68.679,18;10,65;;;27.700.614,03;68,00;Ativa;2.942,00
ATCR11;0,00;0,228494;0,00;73,84;;;1,10;;;68.591.012,89;33,00;Ativa;928.908,00
ATSA11;51,05;0,500000;2,39;76,69;0,67;1.343,14;1,32;17,56;-19,31;134.299.450,74;287,00;Passiva;1.751.141,00
ATWN11;0,00;;0,00;2.073,95;;;0,71;;;333.401.376,91;2,00;Passiva;160.757,00
AURB11;86,00;0,200000;0,23;76,30;1,13;33,91;0,36;;;68.553.124,23;18,00;Ativa;898.514,00
AZPE11;0,00;;0,00;10,12;;;1,81;;;70.154.733,72;7,00;Ativa;6.930.000,00
AZPL11;7,25;0,082000;3,96;9,89;0,73;600.621,36;0,67;;;180.094.907,84;6.164,00;Ativa;18.209.646,00
BARI11;70,90;0,710000;13,27;91,74;0,77;576.140,18;11,09;-13,52;-9,90;425.121.914,57;39.587,00;Ativa;4.634.191,00
BBFI11;350,26;100,414494;84,24;867,22;0,40;78.304,36;28,60;1,24;-44,15;112.738.252,88;7.329,00;Passiva;130.000,00
BBFO11;63,99;0,620000;12,17;74,86;0,85;236.791,27;0,42;-4,94;0,48;299.748.931,91;6.841,00;Passiva;4.003.900,00
BBIG11;7,80;0,085000;6,22;9,72;0,80;1.340.831,59;4,93;;;963.074.267,14;25.222,00;Ativa;99.120.994,00
BBIM11;0,00;0,340000;0,00;0,00;;;14.146,65;-24,05;;667,50;0,00;Ativa;1.035.000,00
BBRC11;105,00;1,110000;12,71;111,96;0,94;124.269,14;5,25;4,95;6,63;178.015.552,66;9.493,00;Passiva;1.590.000,00
BCFF11;7,28;0,070000;11,67;9,13;0,80;1.866.715,32;6,48;1,07;-2,23;1.839.257.143,48;356.269,00;Ativa;201.491.024,00
BCIA11;85,69;0,840000;12,08;98,63;0,87;585.941,18;0,52;6,91;2,88;366.811.934,62;26.766,00;Ativa;3.719.038,00
BCRI11;62,40;0,840000;14,89;86,87;0,72;466.432,95;9,25;-14,97;-14,72;543.647.927,18;43.756,00;Ativa;6.257.873,00
BETW11;0,00;0,509259;0,00;100,46;;;0,12;;;251.600.631,09;1,00;;2.504.500,00
BICE11;980,00;4,930000;9,01;1.024,66;0,96;9.305,91;9,78;;;122.296.559,14;119,00;Ativa;119.353,00
BICR11;35,92;0,363000;6,86;44,33;0,81;346,14;34,47;-18,17;-27,03;22.167.440,02;668,00;Ativa;500.000,00
BIME11;7,17;0,087000;13,71;8,58;0,84;49.923,05;0,44;-9,13;-8,01;50.169.666,70;8.945,00;Ativa;5.845.602,00
BIPD11;915,10;73,070000;7,98;998,76;0,92;0,00;6,32;;;91.284.991,70;112,00;Ativa;91.398,00
BIPE11;1.000,00;;0,00;901,73;1,11;227,27;101,33;;;4.346.359,73;101,00;Ativa;4.820,00
BLCA11;119,97;0,500000;15,50;119,26;1,01;125.527,32;5,25;42,09;;190.814.526,77;499,00;Ativa;1.600.000,00
BLCP11;91,00;0,563428;0,00;63,81;1,43;;3,50;;4,64;118.155.565,38;8.102,00;;1.851.786,00
BLMC11;85,75;1,070000;3,63;63,81;1,34;150.671,33;3,50;-0,67;-4,80;118.155.565,38;8.102,00;;1.851.786,00
BLMG11;32,65;0,500000;15,19;70,23;0,46;773.238,86;1,84;-17,20;-26,95;299.788.809,70;14.148,00;Ativa;4.268.807,00
BLMO11;72,47;0,450000;155,76;104,00;0,70;34.241,00;2,80;;;103.463.246,47;394,00;Ativa;994.814,00
BLMR11;6,78;0,053000;0,00;63,81;0,11;1.157.702,33;3,50;;-2,83;118.155.565,38;8.102,00;;1.851.786,00
BLOG11;10,43;0,070000;5,08;10,20;1,02;375,91;0,36;;;145.432.458,26;4,00;Ativa;14.257.443,00
BLUR11;84,41;0,550000;10,79;84,50;1,00;1.794,59;6,17;;;7.604.839,18;1,00;Ativa;90.000,00
BMII11;0,00;0,228341;0,00;457,66;;;1,04;;;68.924.121,72;12,00;Passiva;150.600,00
BMLC11;98,03;0,720000;8,87;99,24;0,99;34.800,23;5,90;0,15;4,65;99.077.569,99;1.384,00;Ativa;998.405,00
BNFS11;99,01;1,361859;16,52;84,47;1,17;116.091,23;6,91;-0,57;-4,37;59.129.173,28;114.536,00;Ativa;700.000,00
BPFF11;59,82;0,600000;12,40;73,15;0,82;315.094,00;6,01;-2,36;-1,14;328.607.977,19;21.211,00;Ativa;4.492.326,00
BPLC11;0,00;14,420464;0,00;10.266,68;;;1,69;;;328.533.893,90;114,00;Passiva;32.000,00
BPML11;79,70;1,070000;14,10;129,15;0,62;841.454,00;22,28;;2,15;961.122.014,82;6.147,00;Ativa;7.441.745,00
BPRP11;107,50;0,925000;8,56;125,57;0,86;488,64;0,19;2,64;3,62;169.496.975,27;171,00;Passiva;1.349.837,00
BRCO11;103,80;0,870000;10,25;118,91;0,87;3.303.740,68;0,98;9,88;6,39;1.891.275.643,49;120.569,00;Ativa;15.905.133,00
BRCR11;42,50;0,500000;13,27;89,17;0,48;1.439.031,05;0,89;-1,04;-10,20;2.375.457.375,38;133.840,00;Ativa;26.638.202,00
BREV11;105,00;0,580000;0,00;63,81;1,65;266.069,00;3,50;8,81;2,02;118.155.565,38;8.102,00;;1.851.786,00
BRHT11B;86,80;;0,00;67,09;1,29;;2,43;;;123.557.186,66;11,00;Ativa;1.841.677,00
BRIM11;1.002,00;48,330000;34,21;721,35;1,39;43.561,77;11,62;;;89.547.033,68;413,00;Ativa;124.137,00
BRIP11;947,00;32,150000;32,75;943,49;1,00;12.938,59;3,96;;;203.298.246,28;316,00;Ativa;215.475,00
BRIX11;1.673,35;;0,00;1.035,45;1,62;0,00;10,51;;;122.945.108,14;94,00;Ativa;118.735,00
BROF11;46,98;0,440000;12,99;108,66;0,43;346.334,45;0,55;;;1.261.652.855,07;10.228,00;;11.610.812,00
BROL11;0,00;;0,00;63,81;;;3,50;;;118.155.565,38;8.102,00;;1.851.786,00
BRSE11;0,00;;0,00;18.447,74;;;1,66;;;36.895.476,72;12,00;Ativa;2.000,00
BTAL11;70,50;0,840000;12,71;112,44;0,63;551.267,23;2,67;-3,07;-6,99;672.696.794,75;42.074,00;Ativa;5.982.736,00
BTCI11;8,88;0,091000;12,53;10,04;0,88;1.649.635,41;20,72;-5,98;2,29;998.958.585,38;180.045,00;Ativa;99.521.172,00
BTCR11;88,00;0,900000;0,00;63,81;1,38;207.690,18;3,50;32,78;0,13;118.155.565,38;8.102,00;;1.851.786,00
BTHF11;0,00;0,092000;0,00;9,97;;;13,35;;;565.396.244,89;14.058,00;Ativa;56.729.905,00
BTHI11;39,00;0,410000;10,17;63,07;0,62;58.109,00;2,27;-3,04;-24,79;581.380.927,35;1.110,00;Ativa;9.218.512,00
BTHI12;45,00;0,560000;0,00;63,07;0,71;;2,27;;1,53;581.380.927,35;1.110,00;Ativa;9.218.512,00
BTLG11;97,30;0,780000;9,51;104,37;0,93;9.042.465,73;40,94;1,60;-0,37;4.513.805.717,93;360.950,00;Ativa;43.249.151,00
BTML11;103,03;0,850000;8,83;115,57;0,89;0,00;4,41;;;131.194.648,86;1,00;Ativa;1.135.160,00
BTRA11;41,46;0,300000;10,13;110,68;0,37;217.877,41;9,09;-24,94;-21,31;372.405.944,37;14.991,00;Ativa;3.364.559,00
BTSG11;159,05;0,950000;6,99;145,28;1,09;245,86;0,82;;;112.590.342,61;111,00;Ativa;775.015,00
BTSI11;111,60;0,750000;7,97;107,67;1,04;25,50;0,07;;;472.994.523,39;175,00;Ativa;4.393.084,00
BTWR11;105,49;0,650000;7,12;113,87;0,93;53.459,59;1,10;15,75;;92.150.899,10;137,00;Ativa;809.269,00
BTYU11;11,40;0,088000;6,89;10,33;1,10;745.632,82;4,39;;;206.518.481,73;64,00;Ativa;20.000.000,00
BVAR11;1.446,00;3,500000;7,95;864,59;1,67;0,00;0,44;-17,86;;540.837.224,20;131,00;Passiva;625.540,00
BZEL11;0,00;5,092421;0,00;143,43;;;0,13;;;507.462.354,49;3,00;Ativa;3.538.046,00
BZLI11;19,78;;0,00;18,21;1,09;29,00;0,00;;6,75;795.977.718,36;19,00;Ativa;43.704.163,00
CACR11;91,20;1,320000;18,07;98,60;0,92;2.118.489,82;9,24;-2,70;-2,01;476.881.341,47;25.148,00;Ativa;4.836.324,00
CARE11;1,35;0,008385;0,00;6,99;0,19;96.858,50;2,46;;-13,00;250.052.298,45;11.630,00;Ativa;35.769.919,00
CBOP11;26,00;0,050000;4,73;71,87;0,36;16.240,14;1,01;-47,56;-23,98;101.697.279,41;2.634,00;Passiva;1.415.000,00
CCLB11;0,00;;0,00;63,81;;;3,50;;;118.155.565,38;8.102,00;;1.851.786,00
CCME11;9,23;0,080000;11,05;10,56;0,87;625.749,00;6,19;;;715.886.523,59;4.536,00;Ativa;67.797.053,00
CCRF11;92,50;0,632531;0,00;63,81;1,45;;3,50;;-5,03;118.155.565,38;8.102,00;;1.851.786,00
CCVA11;98,97;0,649633;2,07;100,63;0,98;0,00;0,79;;;62.137.440,05;1,00;;617.500,00
CENU11;100,00;;0,00;98,52;1,02;0,00;2,91;;;112.292.507,34;27,00;Ativa;1.139.780,00
CEOC11;39,00;0,465000;13,42;72,44;0,54;34.424,09;2,46;-3,50;-8,83;131.530.027,46;4.552,00;Passiva;1.815.696,00
CFHI11;636,00;14,000000;28,40;632,91;1,00;0,00;3,60;;;59.873.213,10;103,00;Ativa;94.600,00
CFII11;952,60;47,400000;11,76;1.049,59;0,91;0,00;16,50;;;128.910.186,16;107,00;Ativa;122.819,00
CIXM11;9,04;0,120000;13,27;37,33;0,24;220.499,50;0,23;;;228.731.987,91;108,00;Ativa;6.127.180,00
CIXR11;0,00;;0,00;63,81;;;3,50;;;118.155.565,38;8.102,00;;1.851.786,00
CJCT11;52,63;0,090000;3,15;71,82;0,73;340.599,55;0,43;-11,81;-7,89;225.510.031,79;966,00;Passiva;3.140.000,00
CJFI11;0,00;;0,00;63,81;;;3,50;;;118.155.565,38;8.102,00;;1.851.786,00
CLIN11;92,00;0,950000;12,96;97,77;0,94;2.195.602,05;9,77;;;425.002.649,89;11.521,00;Ativa;4.346.763,00
CNES11;1,18;0,005160;7,96;7,68;0,15;82.066,68;5,26;-4,37;-27,05;262.055.991,81;112.157,00;Ativa;34.134.825,00
COPP11;103,00;0,750000;0,73;110,20;0,93;1.827.632,00;0,50;;;310.776.544,09;131,00;Ativa;2.820.016,00
CPFF11;62,00;0,490000;12,10;76,64;0,81;228.560,14;0,08;1,04;-4,22;195.654.849,04;8.277,00;Ativa;2.553.074,00
CPFO11;0,00;;0,00;63,81;;;3,50;;;118.155.565,38;8.102,00;;1.851.786,00
CPLG11;10,90;0,100000;1,66;10,60;1,03;2.483.888,00;0,32;;;364.166.074,20;164,00;Ativa;34.345.220,00
CPOF11;109,00;0,850000;7,22;110,20;0,99;487,82;0,50;;;310.776.544,09;131,00;Ativa;2.820.016,00
CPSH11;9,58;0,100000;12,47;11,16;0,86;1.429.251,95;0,24;;;889.492.755,95;8.341,00;Ativa;79.699.818,00
CPTS11;7,13;0,062000;12,37;8,71;0,82;14.413.798,09;0,15;-11,67;-8,01;2.768.458.621,75;386.174,00;Ativa;317.828.140,00
CRFF11;73,74;0,610000;10,56;81,86;0,90;21.495,91;4,71;1,05;5,59;56.484.279,40;1.358,00;Ativa;690.040,00
CSMC11;0,00;15,155700;0,00;1.034,94;;;5,38;;;1.365.585.065,77;1,00;Ativa;1.319.483,00
CTEM11;7,12;;0,00;63,81;0,11;0,00;3,50;;;118.155.565,38;8.102,00;;1.851.786,00
CTNP11;0,00;;0,00;63,81;;;3,50;;;118.155.565,38;8.102,00;;1.851.786,00
CTXT11;6,00;0,010000;0,00;27,03;0,22;1.382,00;3,96;-23,80;-31,29;106.015.755,51;2.445,00;Passiva;3.921.434,00
CVBI11;84,00;0,900000;13,19;92,88;0,90;2.224.186,73;8,18;-5,09;-3,99;1.022.598.364,36;93.015,00;Ativa;11.010.228,00
CVPR11;0,00;0,100000;0,00;102,64;;;27,57;;;3.766.704,03;2,00;Ativa;36.699,00
CXAG11;68,79;0,690000;12,18;115,57;0,60;235.163,23;1,64;;;241.616.131,10;12.577,00;Ativa;2.090.621,00
CXCE11;39,40;0,433769;12,80;64,50;0,61;18.823,05;6,72;4,56;-0,46;110.485.267,50;3.294,00;Passiva;1.712.950,00
CXCI11;72,36;0,750000;12,77;85,19;0,85;149.064,55;4,84;;;175.292.253,82;5.336,00;Ativa;2.057.726,00
CXCO11;53,00;0,494900;15,56;101,87;0,52;222.174,09;0,81;-0,34;-12,12;399.786.890,63;13.723,00;Passiva;3.924.500,00
CXRI11;72,80;0,590000;10,47;82,01;0,89;43.121,82;4,86;2,43;3,60;129.223.138,22;1.953,00;Ativa;1.575.760,00
CXTL11;213,01;1,545946;12,05;399,19;0,53;2.447,73;2,91;34,25;-8,54;21.395.253,87;697,00;Passiva;53.597,00
CYCR11;8,57;0,090000;14,59;9,46;0,91;625.692,45;50,61;-4,91;-4,27;345.756.286,09;16.771,00;Ativa;36.549.445,00
CYLD11;100,00;;0,00;117,59;0,85;1.363.636,36;10,56;;;146.029.596,70;105,00;Ativa;1.241.847,00
DAMA11;9,75;0,080000;4,92;9,57;1,02;11.959,64;7,87;;;44.206.710,71;699,00;;4.620.372,00
DAMT11B;11,45;0,042538;0,85;13,86;0,83;14,00;7,27;;125,39;246.416.467,00;538,00;Passiva;17.779.747,00
DEVA11;30,25;0,450000;20,36;99,48;0,30;944.984,77;2,96;-24,44;-31,97;1.397.215.436,97;102.184,00;Ativa;14.044.908,00
DLMT11;0,00;0,002316;0,00;0,60;;;9,68;-21,04;;7.912.868,89;9,00;Ativa;13.225.796,00
DMAC11;13,00;4,894618;0,00;63,81;0,20;;3,50;;;118.155.565,38;8.102,00;;1.851.786,00
DOMC11;439,00;;0,00;102,18;4,30;;0,35;;;249.697.796,14;1.091,00;Ativa;2.443.800,00
DOVL11B;1.200,69;6,242107;7,43;653,30;1,84;;5,18;21,41;;43.382.831,04;100,00;Ativa;66.406,00
DPRO11;6,67;0,055000;9,33;9,24;0,72;4.788,05;1,68;;;46.223.356,72;743,00;Ativa;5.003.220,00
DRIT11B;83,30;0,340000;16,91;128,13;0,65;;30,82;24,15;-1,05;59.359.067,92;1,00;Ativa;463.277,00
DVFF11;6,71;0,070000;12,67;8,57;0,78;14.845,23;6,20;-1,22;-7,76;94.349.889,73;1.734,00;Ativa;11.009.500,00
DVLP11;130,49;;0,00;131,22;0,99;4.869,64;12,10;;;73.114.965,25;282,00;Ativa;557.199,00
DVLT11;100,00;;0,00;98,80;1,01;0,00;20,73;;;24.374.547,59;190,00;Ativa;246.712,00
EAGL11;0,00;;0,00;;;;;;;;;;0,00
EDFO11B;229,98;1,296417;9,01;223,35;1,03;;1,46;2,52;2,91;52.709.925,84;520,00;Passiva;236.000,00
EDGA11;17,91;0,060000;5,01;62,56;0,29;19.640,05;0,62;-14,76;-8,50;238.474.358,50;4.456,00;Passiva;3.812.055,00
EDGE11;0,00;;0,00;1.002,04;;;99,33;;;4.794.778,89;16,00;Ativa;4.785,00
EGDB11;1.043,62;;0,00;857,97;1,22;3.311,23;0,29;;;45.715.434,44;1.650,00;Ativa;53.283,00
EGYR11;3,62;;0,00;122,75;0,03;787,86;0,00;;-0,46;92.982.425,83;45,00;Passiva;757.522,00
ELDO11B;762,38;7,500000;18,49;1.616,23;0,47;;0,34;14,44;;1.272.386.962,79;113,00;Passiva;787.256,00
EMET11;10,00;;0,00;10,12;0,99;142.699,82;0,84;;;50.590.051,92;42,00;Ativa;5.000.000,00
EQIR11;8,20;0,095000;13,92;9,73;0,84;269.865,95;7,14;;-5,96;106.156.021,03;11.725,00;Ativa;10.909.315,00
ERCR11;16.155,16;1.868,750000;11,57;28.205,36;0,57;0,00;0,40;;3,70;67.015.924,31;10,00;Passiva;2.376,00
ERPA11;133,15;0,840000;7,18;141,92;0,94;98.946,59;1,13;;;71.092.835,38;421,00;Passiva;500.922,00
ESTQ11;0,00;;0,00;0,01;;;106,83;;;831.528,51;5,00;Ativa;65.361.974,00
EURO11;221,97;1,880000;10,16;338,11;0,66;47.449,82;1,82;2,48;4,88;129.813.188,02;2.190,00;Passiva;383.936,00
EVBI11;9,50;0,080000;8,79;9,95;0,95;273.719,41;0,02;0,45;0,35;415.216.580,97;1.372,00;Ativa;41.742.438,00
EXES11;9,60;0,100000;10,76;9,12;1,05;16.480,59;0,47;;;64.832.664,06;347,00;Ativa;7.105.444,00
FAED11;136,80;1,580000;13,54;219,83;0,62;75.663,82;1,83;2,62;0,88;152.205.713,73;4.488,00;Passiva;692.377,00
FAGL11;0,00;;0,00;63,81;;;3,50;;;118.155.565,38;8.102,00;;1.851.786,00
FAMB11B;609,99;9,160000;0,00;2.147,55;0,28;47.041,93;2,21;-9,82;-15,05;263.155.960,84;2.285,00;Passiva;122.538,00
FAOE11;926,90;11,160900;2,28;0,00;;0,00;;;;0,00;0,00;Ativa;0,00
FARU11;0,00;;0,00;63,81;;;3,50;;;118.155.565,38;8.102,00;;1.851.786,00
FATN11;87,00;0,850000;11,72;102,41;0,85;548.717,68;8,48;1,41;-1,95;352.893.928,61;19.825,00;Ativa;3.445.767,00
FCAS11;0,00;0,121915;0,00;63,81;;;3,50;;;118.155.565,38;8.102,00;;1.851.786,00
FCFL11;111,73;0,850000;9,88;122,89;0,91;313.442,68;0,74;1,01;5,32;426.904.810,21;3.907,00;Ativa;3.474.010,00
FGPM11;0,00;;0,00;63,81;;;3,50;;;118.155.565,38;8.102,00;;1.851.786,00
FIGS11;48,70;0,430000;10,68;81,25;0,60;91.454,95;0,90;5,49;0,31;231.571.161,57;13.061,00;Passiva;2.850.000,00
FIIB11;493,56;3,750000;8,66;472,36;1,04;299.190,77;1,33;1,39;5,53;323.569.137,41;15.943,00;Passiva;685.000,00
FIIC11;0,00;;0,00;63,81;;;3,50;;;118.155.565,38;8.102,00;;1.851.786,00
FIIP11B;161,37;1,400000;10,68;200,93;0,80;15.426,45;1,55;3,15;2,69;186.292.089,42;6.990,00;Passiva;927.162,00
FINF11;0,00;0,274845;0,00;38,68;;;3,00;4,06;;31.724.480,65;4,00;Ativa;820.112,00
FISC11;65,00;0,470000;7,11;120,50;0,54;35.400,68;0,75;23,52;;204.845.565,95;192,00;Ativa;1.699.996,00
FISD11;149,33;6,526269;0,00;57,81;2,58;0,00;3,27;;;62.009.536,64;23,00;Ativa;1.072.588,00
FIVN11;2,32;;0,00;6,91;0,34;2.519,55;0,01;;1,79;65.004.922,39;3.741,00;Passiva;9.412.630,00
FLCR11;96,81;1,150000;13,92;96,99;1,00;594.191,86;12,65;-5,32;0,93;61.455.571,61;3.194,00;Ativa;633.604,00
FLFL11;0,00;0,180000;0,00;142,47;;;4,08;;;492.126.263,94;1,00;Ativa;3.454.262,00
FLMA11;133,72;1,230000;9,07;217,36;0,62;66.250,82;1,08;8,34;5,02;300.101.710,89;13.285,00;Ativa;1.380.670,00
FLNR11;1.273,88;;0,00;1.229,77;1,04;0,00;0,53;;;156.005.106,38;125,00;Passiva;126.856,00
FLRP11;1.918,00;13,000000;8,50;2.287,98;0,84;9.014,23;1,06;13,21;18,36;164.734.569,18;811,00;Passiva;72.000,00
FMOF11;50,99;0,500000;1,88;117,28;0,43;219,18;1,92;8,89;-8,51;59.579.536,76;260,00;Passiva;508.008,00
FOFT11;123,00;1,900000;0,00;7,00;17,57;;2,33;-47,71;;250.509.603,82;11.454,00;Ativa;35.769.919,00
FPAB11;219,91;1,250000;4,83;341,80;0,64;22.760,82;5,22;-16,82;3,05;256.351.560,63;797,00;;750.000,00
FPNG11;276,20;0,500000;0,68;173,73;1,59;3.123,23;1,50;-0,70;;404.668.655,35;128,00;Ativa;2.329.292,00
FRHY11;0,00;1,030000;0,00;18,04;;;85,33;;;2.353.983,36;7,00;Ativa;130.500,00
FTCE11B;2.900,89;32,843071;3,17;2.824,94;1,03;;4,29;;;3.300.794.225,99;126,00;Ativa;1.168.446,00
FVBI11;94,97;0,369573;0,00;63,81;1,49;;3,50;142,93;;118.155.565,38;8.102,00;;1.851.786,00
FVPQ11;51,02;0,410000;14,41;191,55;0,27;70.855,91;1,31;-2,86;-20,67;536.375.789,79;4.180,00;Passiva;2.800.149,00
GAME11;8,60;0,090000;12,79;9,59;0,90;89.389,50;1,39;-8,92;;208.009.510,65;24.514,00;Ativa;21.697.677,00
GARE11;9,05;0,092000;11,51;9,00;1,01;7.169.042,41;0,53;1,89;-2,65;1.133.131.462,28;272.842,00;Ativa;125.866.045,00
GCDL11;102,48;;0,00;74,46;1,38;3.396,27;39,93;;;4.343.021,11;648,00;Ativa;58.330,00
GCFF11;69,30;0,750000;0,00;63,81;1,09;;3,50;;0,14;118.155.565,38;8.102,00;;1.851.786,00
GCOI11;98,99;0,805870;0,00;94,93;1,04;0,00;8,48;;;10.726.744,06;354,00;Ativa;113.000,00
GCRI11;64,77;0,870000;16,66;89,64;0,72;117.854,45;6,94;-11,58;-10,76;130.328.158,16;4.540,00;Ativa;1.453.859,00
GESE11B;1.520,00;14,973763;77,79;63,81;23,82;;3,50;118,15;;118.155.565,38;8.102,00;;1.851.786,00
GGRC11;10,07;0,100000;10,99;11,29;0,89;1.612.051,59;3,16;0,67;-1,26;1.194.417.360,14;132.517,00;Ativa;105.802.729,00
GLOG11;57,49;0,500000;11,12;108,66;0,53;48.896,32;1,79;-11,02;-8,68;81.493.743,39;2.362,00;Ativa;750.000,00
GLPL11;0,00;;0,00;63,81;;;3,50;;;118.155.565,38;8.102,00;;1.851.786,00
GRLV11;104,51;0,170000;0,00;63,81;1,64;;3,50;135,25;;118.155.565,38;8.102,00;;1.851.786,00
GRUL11;8,58;0,110000;1,28;9,58;0,90;488.439,73;2,07;;;236.651.074,27;3.638,00;Ativa;24.700.000,00
GSFI11;7,58;;0,00;13,49;0,56;138.035,95;0,94;;21,27;1.262.496.897,54;7.257,00;Ativa;93.558.184,00
GTLG11;63,99;0,840000;0,00;63,81;1,00;;3,50;;-14,93;118.155.565,38;8.102,00;;1.851.786,00
GTWR11;72,30;0,790000;13,11;101,43;0,71;745.428,00;1,61;2,47;1,03;1.217.203.996,80;40.009,00;Ativa;12.000.000,00
GURB11;108,00;0,700000;1,30;115,57;0,93;5.000.076,00;4,41;;;131.194.648,86;1,00;Ativa;1.135.160,00
GVBI11;0,00;;0,00;63,81;;;3,50;;;118.155.565,38;8.102,00;;1.851.786,00
GZIT11;45,80;0,780000;17,41;94,97;0,48;1.142.725,36;1,33;;;2.074.219.314,09;5.624,00;Ativa;21.841.231,00
HAAA11;33,11;0,080000;6,64;74,77;0,44;1.612,45;0,62;-30,59;-29,04;258.319.283,19;244,00;Ativa;3.455.000,00
HABT11;74,14;0,900000;16,40;95,35;0,78;1.430.795,73;3,13;-6,08;-11,68;774.895.405,03;70.562,00;Ativa;8.126.783,00
HBCR11;136,00;0,800000;7,34;129,41;1,05;9.503.501,36;6,95;1,79;9,27;207.050.259,46;42,00;Ativa;1.600.000,00
HBTT11;1.055,00;16,580000;0,00;63,81;16,53;;3,50;;;118.155.565,38;8.102,00;;1.851.786,00
HCHG11;71,12;0,850000;12,44;95,60;0,74;19.499,64;9,38;-5,54;-6,69;114.721.892,20;839,00;Ativa;1.200.000,00
HCPR11;0,00;;0,00;63,81;;;3,50;;;118.155.565,38;8.102,00;;1.851.786,00
HCRI11;269,00;2,748854;12,03;321,37;0,84;41.263,27;2,07;-2,42;-5,49;64.274.800,15;3.144,00;Passiva;200.000,00
HCST11;49,62;;0,00;76,82;0,65;38,27;0,00;;-20,28;40.809.425,18;62,00;Ativa;531.226,00
HCTR11;25,77;0,370000;17,38;111,92;0,23;920.959,91;0,53;-36,11;-38,31;2.471.556.821,77;157.846,00;Ativa;22.084.202,00
HDEL11;116,00;10,100000;18,71;84,64;1,37;26,36;3,63;;;71.100.832,85;114,00;Passiva;840.000,00
HDOF11;95,00;;0,00;97,18;0,98;35.289,77;14,19;;;239.077.423,42;117,00;Ativa;2.460.072,00
HFOF11;61,30;0,580000;12,20;71,76;0,85;1.848.994,14;2,25;0,91;-6,42;1.653.617.236,10;73.736,00;Ativa;23.044.389,00
HGBL11;10,19;0,150000;14,23;9,72;1,05;2.709.340,59;4,17;;;118.884.835,34;2.618,00;Ativa;12.233.472,00
HGBS11;194,14;1,600000;10,77;224,49;0,86;2.766.456,77;1,21;12,32;7,25;2.857.651.954,31;125.953,00;Ativa;12.729.800,00
HGCR11;96,37;0,950000;11,93;98,41;0,98;3.263.761,32;9,16;-5,39;-0,84;1.517.301.458,95;100.410,00;Ativa;15.418.106,00
HGFF11;74,75;0,700000;11,24;83,03;0,90;393.242,82;7,07;4,46;4,14;237.773.920,09;15.414,00;Ativa;2.863.597,00
HGIC11;87,39;1,000000;12,90;113,53;0,77;3.824,45;9,23;-4,54;-4,32;52.529.518,08;445,00;Ativa;462.706,00
HGLG11;153,93;1,100000;8,58;156,85;0,98;7.465.763,73;1,81;-6,31;0,04;5.299.488.783,84;492.957,00;Ativa;33.787.575,00
HGPO11;121,01;1,750000;123,71;155,43;0,78;928.734,77;126,75;104,42;12,50;272.481.152,10;11.809,00;Passiva;1.753.057,00
HGRE11;103,56;0,780000;10,14;152,18;0,68;1.313.559,82;0,98;-1,45;-2,82;1.798.394.344,93;147.185,00;Ativa;11.817.767,00
HGRS11;0,00;8,300000;0,00;63,81;;;3,50;;;118.155.565,38;8.102,00;;1.851.786,00
HGRU11;116,30;0,900000;10,40;124,21;0,94;4.384.570,73;1,18;6,77;3,67;2.886.380.163,01;206.632,00;Ativa;23.238.024,00
HILG11;198,61;1,368162;9,33;187,43;1,06;9,00;1,32;;;98.634.671,86;51,00;Ativa;526.253,00
HLMB11;0,00;;0,00;1.260,32;;;2,25;;;68.863.494,37;53,00;Ativa;54.639,00
HLOG11;82,62;0,400000;6,92;115,46;0,72;95.396,18;0,44;-9,67;-5,31;490.687.724,40;3.671,00;Ativa;4.250.000,00
HMOC11;226,95;23,800000;0,00;63,81;3,56;;3,50;122,18;;118.155.565,38;8.102,00;;1.851.786,00
HOFC11;24,59;0,210000;2,32;70,22;0,35;79.567,82;0,72;-22,89;-22,06;265.352.814,35;5.281,00;Ativa;3.779.001,00
HOMS11;0,00;;0,00;53,29;;;100,22;;;2.081.790,27;836,00;Ativa;39.067,00
HOSI11;84,05;0,653600;10,87;91,81;0,92;156.158,82;2,58;22,16;4,98;52.651.182,05;1.357,00;Ativa;573.450,00
HPDP11;87,03;0,530000;7,31;95,50;0,91;158.545,82;0,80;4,65;4,76;313.998.094,37;398,00;Passiva;3.288.000,00
HRDF11;3,11;6,800000;0,00;8,82;0,35;926,68;20,66;;34,09;13.390.591,83;1.032,00;Ativa;1.517.425,00
HREC11;8,07;0,080000;12,02;8,81;0,92;376.684,82;1,56;-7,10;-4,86;454.060.397,06;2.816,00;Ativa;51.567.650,00
HRES11;147,64;1,601736;10,07;125,11;1,18;0,00;2,56;;;58.579.889,50;132,00;Ativa;468.241,00
HSAF11;80,00;0,800000;13,06;87,28;0,92;536.107,59;9,39;-7,26;-2,67;220.506.850,06;10.077,00;Ativa;2.526.360,00
HSLG11;78,10;0,740000;11,37;104,25;0,75;622.113,14;7,50;4,64;0,06;1.319.774.152,70;39.991,00;Ativa;12.660.067,00
HSML11;85,83;0,800000;11,02;107,71;0,80;3.838.433,27;3,98;8,83;7,06;2.241.190.080,44;196.926,00;Ativa;20.808.572,00
HSRE11;96,00;0,960000;9,41;94,14;1,02;1.511.232,18;2,85;7,30;0,17;837.737.654,64;325,00;Ativa;8.898.724,00
HTMX11;154,36;2,365658;17,23;133,77;1,15;1.488.589,50;4,63;42,47;20,69;201.235.071,98;35.682,00;Ativa;1.504.334,00
HUCG11;84,80;0,220000;0,50;103,72;0,82;674,86;3,76;;;116.370.263,83;245,00;Passiva;1.122.000,00
HUSC11;103,06;0,900000;10,30;151,76;0,68;2.593,05;0,57;3,83;-4,17;129.123.906,58;760,00;Passiva;850.821,00
HUSI11;1.211,43;8,585652;8,08;1.189,04;1,02;0,00;1,96;;;138.359.223,07;103,00;Ativa;116.362,00
IBBP11;0,00;;0,00;7,64;;;15,21;;;332.896.524,13;0,00;Ativa;28.314.490,00
IBCR11;55,00;0,750000;19,15;95,67;0,57;158.120,23;2,85;-12,57;-14,08;91.689.464,62;3.927,00;Ativa;958.423,00
IBFF11;66,40;0,296485;0,00;63,81;1,04;;3,50;;4,85;118.155.565,38;8.102,00;;1.851.786,00
ICNE11;666,60;12,343337;28,74;806,39;0,83;0,00;0,43;;;96.766.916,78;5,00;Ativa;120.000,00
ICRI11;94,25;1,450000;9,14;100,73;0,94;1.586.514,18;27,00;;;388.542.570,64;6.369,00;Ativa;3.857.359,00
IDFI11;2,00;0,034026;74,91;4,31;0,46;14.600,27;145,03;-50,79;-48,39;8.860.886,88;564,00;Ativa;2.057.925,00
IDGR11;2,78;0,008834;22,66;3,36;0,83;2.597,77;26,82;;;2.964.298,56;134,00;Ativa;883.359,00
IDUA11;65,31;0,542646;6,48;77,49;0,84;0,00;7,33;;;31.175.521,50;2,00;Ativa;402.311,00
IMOV11;0,00;0,090000;0,00;9,20;;;19,34;;;488.606.252,78;13.027,00;Ativa;53.092.572,00
INDE11;102,77;;0,00;86,69;1,19;0,00;16,95;;;20.755.684,92;172,00;Ativa;239.429,00
INLG11;74,93;0,800000;11,78;99,45;0,75;144.071,09;6,77;6,74;0,47;448.713.267,13;19.594,00;Ativa;4.512.103,00
INRD11;69,47;0,600000;9,66;117,52;0,59;153.222,14;1,21;0,45;-6,43;132.881.187,86;8.036,00;Ativa;1.130.706,00
IRDM11;65,12;0,750000;13,94;84,33;0,77;3.687.015,64;2,34;-13,79;-13,79;3.072.336.137,13;285.619,00;Ativa;36.433.827,00
IRIM11;67,53;0,850000;14,62;86,70;0,78;65.021,73;3,15;-15,77;-14,06;166.458.869,59;2.571,00;Ativa;1.920.000,00
ISCJ11;90,00;;0,00;140,51;0,64;351,82;0,42;;;44.116.123,63;89,00;Ativa;313.970,00
ITIP11;70,00;0,640000;11,89;69,72;1,00;53.783,73;1,19;-10,25;-4,80;52.157.352,35;10.274,00;Passiva;748.151,00
ITIT11;70,02;0,600000;10,61;75,47;0,93;114.840,55;1,20;3,77;-1,83;67.959.406,13;11.497,00;Passiva;900.494,00
ITRI11;80,01;0,850000;6,91;92,23;0,87;2.091.034,82;3,91;;;576.455.379,99;18.433,00;Ativa;6.250.000,00
IVCI11;97,60;2,400000;2,46;101,79;0,96;0,00;0,10;;;50.896.662,53;16,00;Ativa;500.000,00
JASC11;103,00;0,610000;7,39;107,26;0,96;12.199,68;3,91;;;374.269.912,45;170,00;Ativa;3.489.342,00
JBFO11;81,49;0,516000;2,77;75,73;1,08;0,00;15,62;;-0,85;96.860.576,67;366,00;Ativa;1.279.070,00
JCCJ11;156,54;0,455498;2,75;183,85;0,85;1.410.731,82;1,15;;;306.760.802,13;121,00;Passiva;1.668.505,00
JCDA11;0,00;;0,00;17,44;;;0,35;;;264.347.558,49;50,00;Passiva;15.159.655,00
JCDB11;0,00;;0,00;198,46;;;1,45;;;206.984.302,33;58,00;Ativa;1.042.957,00
JCIN11;150,78;0,610905;2,01;152,11;0,99;0,00;0,70;;;200.431.899,36;5,00;Passiva;1.317.717,00
JFLL11;71,59;0,600000;10,28;103,88;0,69;132.272,64;1,92;-0,45;2,68;155.886.525,20;3.209,00;Ativa;1.500.598,00
JPPA11;80,95;1,050000;14,97;96,56;0,84;174.167,05;9,81;-14,16;-2,92;87.292.377,89;7.574,00;Ativa;904.050,00
JPPC11;183,05;0,170000;0,00;511,56;0,36;16,64;3,48;;;28.135.994,25;89,00;Ativa;55.000,00
JRDM11;85,90;0,400000;0,00;63,81;1,35;;3,50;28,90;11,12;118.155.565,38;8.102,00;;1.851.786,00
JSAF11;81,48;0,910000;14,40;90,20;0,90;2.331.710,36;6,66;3,27;-5,12;699.232.365,35;18.226,00;Ativa;7.752.329,00
JSCR11;81,52;0,920000;4,01;95,08;0,86;265.122,59;9,56;;;210.478.145,84;2.869,00;Ativa;2.213.710,00
JSRE11;59,98;0,480000;9,47;109,62;0,55;2.159.930,09;0,24;-2,02;-4,76;2.276.496.116,46;96.556,00;Ativa;20.767.328,00
JTPR11;2.517,00;1,630372;0,00;72,67;34,64;;6,25;;;15.600.220,75;8,00;Ativa;214.674,00
KCRE11;8,86;0,080000;12,55;9,66;0,92;513.034,95;3,15;;;347.721.760,16;14.743,00;Ativa;36.000.000,00
KEVE11;1.050,00;1,015565;0,23;649,30;1,62;30.559,09;7,57;;6,47;95.901.899,16;443,00;Passiva;147.700,00
KFEN11;0,00;;0,00;969,59;;;12,69;;;167.051.792,99;127,00;Ativa;172.291,00
KFOF11;75,37;0,750000;12,71;87,58;0,86;2.023.898,82;1,58;6,41;2,32;614.368.899,10;22.875,00;Ativa;7.014.565,00
KINP11;9,82;3,053493;0,00;63,81;0,15;;3,50;;-7,97;118.155.565,38;8.102,00;;1.851.786,00
KISU11;7,28;0,066000;12,07;8,01;0,91;872.756,32;3,07;0,93;1,22;353.951.224,59;121.221,00;Ativa;44.196.050,00
KIVO11;74,49;0,900000;16,61;88,43;0,84;805.858,95;3,76;;;196.554.797,62;6.706,00;Ativa;2.222.736,00
KLOG11;0,00;;0,00;0,96;;;5,39;;;290.931.626,22;354,00;Ativa;303.999.447,00
KNCR11;103,20;1,020000;11,49;101,58;1,02;12.181.439,77;2,79;-0,31;3,35;7.058.464.652,93;377.898,00;Ativa;69.489.274,00
KNHF11;86,32;0,900000;12,70;98,25;0,88;5.128.970,09;16,35;;;1.931.943.588,41;37.704,00;Ativa;19.663.235,00
KNHY11;102,10;1,000000;12,83;100,18;1,02;4.150.028,27;2,85;-2,10;0,64;2.822.117.307,32;28.110,00;Ativa;28.169.507,00
KNIP11;90,77;0,700000;11,12;93,79;0,97;10.263.679,82;5,16;-10,26;-2,53;7.510.750.454,63;76.768,00;Ativa;80.078.186,00
KNPR11;0,00;5,170000;0,00;90,69;;;5,62;;;52.590.159,42;593,00;Ativa;579.911,00
KNRE11;0,26;0,037742;0,00;0,81;0,32;2.062,41;13,22;;-48,56;15.009.216,67;6.335,00;Ativa;18.547.161,00
KNRI11;135,26;1,000000;8,87;161,64;0,84;5.534.195,00;3,02;5,43;1,60;4.558.955.761,68;286.707,00;Ativa;28.204.047,00
KNSC11;8,44;0,080000;11,85;8,89;0,95;5.635.058,68;11,38;-6,99;-3,01;1.798.264.372,43;180.568,00;Ativa;202.202.385,00
KNUQ11;102,35;1,100000;12,52;101,04;1,01;3.753.463,64;6,78;;;1.547.163.056,18;23.907,00;Ativa;15.312.517,00
KOPI11;0,00;;0,00;63,81;;;3,50;;;118.155.565,38;8.102,00;;1.851.786,00
KORE11;76,80;1,250000;17,17;105,98;0,72;3.504.615,77;1,32;;;1.020.057.494,88;19.912,00;Ativa;9.625.000,00
KRES11;0,00;;0,00;1,00;;;58,21;;;229.888.470,97;131,00;Ativa;228.999.919,00
LASC11;110,00;0,630000;6,90;125,87;0,87;75.820,05;0,78;1,84;7,44;370.095.630,89;412,00;Passiva;2.940.298,00
LATR11B;9,51;9,998500;0,00;63,81;0,15;;3,50;;;118.155.565,38;8.102,00;;1.851.786,00
LAVF11;0,00;1,300000;0,00;63,81;;;3,50;;;118.155.565,38;8.102,00;;1.851.786,00
LFTT11;9,20;3,668145;0,00;21,42;0,43;23.546,82;6,50;;-55,72;69.944.467,98;587,00;Ativa;3.265.000,00
LIFE11;9,57;0,135000;16,41;9,91;0,97;933.104,32;28,63;;;230.594.292,12;14.844,00;Ativa;23.268.354,00
LKDV11;997,23;;0,00;1.102,53;0,90;0,00;2,02;;;73.661.088,97;69,00;Ativa;66.811,00
LLAO11;65,97;1,700000;2,58;61,18;1,08;0,00;8,22;;;22.096.064,44;77,00;Ativa;361.140,00
LOFT11B;29,90;0,201705;0,00;4,05;7,38;;2,84;;;7.953.597,67;1,00;Ativa;1.962.500,00
LPLP11;386,68;6,258795;21,03;364,35;1,06;0,00;0,08;-10,84;;181.632.875,37;8,00;Ativa;498.510,00
LRDI11;100,00;;0,00;97,20;1,03;1.478,59;0,92;;;35.944.158,74;19,00;Ativa;369.779,00
LRED11;0,00;;0,00;10,07;;;2,39;;;6.846.063,48;14,00;Ativa;679.611,00
LSOI11;85,00;;0,00;9,90;8,59;;7,54;;;11.921.864,90;9,00;Ativa;1.204.811,00
LSPA11;29,53;0,250000;162,41;20,80;1,42;9.586,23;56,89;83,02;;8.415.548,38;707,00;Ativa;404.500,00
LTMT11;86,81;8,379118;9,65;96,35;0,90;0,00;10,07;;;10.096.806,65;112,00;Ativa;104.791,00
LVBI11;99,75;0,830000;10,84;124,60;0,80;3.479.528,32;7,66;7,24;4,44;2.008.320.771,01;133.165,00;Ativa;16.118.565,00
MADS11;0,00;;0,00;63,81;;;3,50;;;118.155.565,38;8.102,00;;1.851.786,00
MALL11;96,00;0,780000;10,49;119,26;0,81;1.859.692,50;4,62;5,04;5,03;1.547.143.357,66;134.661,00;Ativa;12.972.967,00
MANA11;8,40;0,100000;14,76;9,38;0,90;1.492.023,32;5,47;;;352.239.107,73;15.329,00;Ativa;37.536.140,00
MATV11;86,63;0,600000;0,00;63,81;1,36;;3,50;;-7,62;118.155.565,38;8.102,00;;1.851.786,00
MAXR11;65,00;2,400000;15,65;128,11;0,51;900.668,27;12,60;10,06;-1,99;144.207.227,31;4.293,00;Ativa;1.125.655,00
MCCI11;83,35;0,800000;11,76;93,33;0,89;3.332.407,55;8,15;-8,04;-3,97;1.582.841.746,60;111.866,00;Ativa;16.960.024,00
MCEM11;109,00;;0,00;59,89;1,82;659,00;0,72;;;86.527.205,94;107,00;Ativa;1.444.860,00
MCHF11;9,10;0,070000;2,42;63,81;0,14;1.778.820,09;3,50;;-2,87;118.155.565,38;8.102,00;;1.851.786,00
MCRE11;8,23;0,100000;16,40;9,64;0,85;4.442.806,45;3,93;-6,09;-10,16;1.075.664.181,97;100.281,00;;111.598.921,00
MFAI11;69,98;0,720000;7,17;71,92;0,97;0,00;46,51;-11,46;2,03;27.988.600,04;2.301,00;Ativa;389.185,00
MFCR11;25,90;0,330000;19,69;26,87;0,96;5.197,23;2,34;;;2.719.814,19;594,00;Ativa;101.230,00
MFII11;95,65;1,170000;14,75;107,58;0,89;1.233.268,50;2,46;0,94;-0,79;560.732.542,69;32.803,00;Ativa;5.212.395,00
MGCR11;9,40;0,100000;0,00;63,81;0,15;;3,50;;2,18;118.155.565,38;8.102,00;;1.851.786,00
MGFF11;69,99;0,520000;0,74;63,81;1,10;2.558.695,75;3,50;-2,71;5,41;118.155.565,38;8.102,00;;1.851.786,00
MGHT11;14,98;0,130000;23,56;51,16;0,29;31.071,41;7,17;-14,07;-43,87;67.214.357,66;5.218,00;;1.313.784,00
MGIM11;101,50;0,176173;0,00;63,81;1,59;;3,50;;;118.155.565,38;8.102,00;;1.851.786,00
MGLC11;0,00;;0,00;63,81;;;3,50;;;118.155.565,38;8.102,00;;1.851.786,00
MGRI11;58,18;1,450000;29,49;90,55;0,64;0,00;1,95;;;22.312.376,05;1,00;Ativa;246.400,00
MINT11;96,50;3,355558;4,82;112,56;0,86;3.309,14;8,06;;1,60;58.530.689,73;99,00;Ativa;520.000,00
MMPD11;0,00;0,638851;0,00;113,25;;;5,00;;;60.021.137,11;54,00;Ativa;530.000,00
MMVE11;151,20;;0,00;78,31;1,93;0,00;0,24;;;36.414.821,33;141,00;Ativa;465.000,00
MOFF11;0,00;;0,00;806,18;;;1,99;;;176.722.788,02;3,00;Ativa;219.210,00
MORC11;89,87;0,330000;3,48;63,81;1,41;1.741.368,33;3,50;;-1,83;118.155.565,38;8.102,00;;1.851.786,00
MORE11;76,21;0,700000;0,00;63,81;1,19;1.327.577,67;3,50;-3,30;0,04;118.155.565,38;8.102,00;;1.851.786,00
MTOF11;103,37;;0,00;73,85;1,40;0,00;1,15;;;154.625.019,81;2,00;Ativa;2.093.703,00
MTRS11;0,00;;0,00;63,81;;;3,50;;;118.155.565,38;8.102,00;;1.851.786,00
MVFI11;0,00;;0,00;1,35;;;3,88;;;105.690.569,51;1,00;Ativa;78.155.673,00
MXRF11;9,14;0,090000;13,02;9,65;0,95;17.895.303,45;11,02;-0,28;-1,21;4.218.885.002,05;1.205.503,00;Ativa;437.325.297,00
N4V1;0,00;;0,00;63,81;;;3,50;;;118.155.565,38;8.102,00;;1.851.786,00
N4V111;0,00;;0,00;63,81;;;3,50;;;118.155.565,38;8.102,00;;1.851.786,00
NAVT11;78,19;0,900000;19,24;86,31;0,91;108.789,73;12,42;11,22;6,60;52.848.879,77;3.129,00;Ativa;612.282,00
NCHB11;8,30;0,098000;14,71;9,95;0,83;290.835,68;14,64;-11,26;-2,66;152.018.535,74;12.003,00;Ativa;15.281.388,00
NCRI11;9,27;0,100000;12,50;10,00;0,93;7.495,18;3,15;;;39.505.007,10;948,00;Ativa;3.949.999,00
NELO11;0,00;9,573741;0,00;1.502,51;;;1,42;;;659.149.197,83;2,00;Ativa;438.700,00
NEWL11;102,16;0,950000;11,62;131,00;0,78;211.576,68;21,56;1,50;3,84;369.082.152,28;8.279,00;Ativa;2.817.412,00
NEWU11;73,04;0,070000;2,26;71,84;1,02;27.426,68;5,70;-48,57;29,31;53.303.733,52;1.241,00;Ativa;742.000,00
NIVT11;0,00;;0,00;9,51;;;10,58;;;9.604.274,99;220,00;Ativa;1.009.617,00
NPAR11;12,82;1,196695;0,00;9,51;1,35;;10,58;;-3,26;9.604.274,99;220,00;Ativa;1.009.617,00
NSLU11;159,47;1,560000;11,74;205,81;0,77;126.801,09;3,41;2,52;-8,01;266.172.154,95;5.767,00;Passiva;1.293.286,00
NVHO11;12,97;0,090360;8,44;15,27;0,85;8.010,68;1,77;4,40;4,06;633.706.853,90;2.000,00;Ativa;41.494.533,00
NVIF11B;227,50;1,111440;5,08;259,82;0,88;;7,66;16,76;;87.664.891,06;7,00;Ativa;337.399,00
OBAL11;987,09;226,096566;22,91;1.140,12;0,87;0,00;6,43;;;161.074.431,61;104,00;Ativa;141.279,00
OCRE11;98,00;0,603064;9,05;98,18;1,00;13.795,05;3,54;;;41.527.475,05;498,00;Ativa;422.986,00
OGHY11;8,72;0,090000;2,06;63,81;0,14;22.847,10;3,50;;;118.155.565,38;8.102,00;;1.851.786,00
ONDV11;0,00;;0,00;9,51;;;10,58;;;9.604.274,99;220,00;Ativa;1.009.617,00
ONEF11;200,03;0,031000;16,78;63,81;3,13;114.431,47;3,50;66,84;11,48;118.155.565,38;8.102,00;;1.851.786,00
OPTM11;0,00;0,140000;0,00;62,55;;;3,15;;;4.585.003,76;63,00;Ativa;73.304,00
ORPD11;93,00;1,379310;0,00;143,31;0,65;;0,00;;;41.560.282,72;6,00;Ativa;290.000,00
OUFF11;61,10;0,755800;9,80;0,00;;264.340,11;;-0,22;-0,79;0,00;0,00;Ativa;0,00
OUJP11;77,02;0,900000;13,88;98,70;0,78;614.520,73;7,83;-10,18;-1,51;321.002.188,61;27.150,00;Ativa;3.252.384,00
OULG11;31,60;0,300000;3,23;64,13;0,49;122.710,05;8,46;-10,49;-15,34;159.126.605,82;4.218,00;Ativa;2.481.283,00
OURE11;78,20;1,085000;10,29;0,00;;0,00;;-3,46;-2,61;0,00;0,00;Ativa;0,00
PABY11;13,53;;0,00;-25,48;;146,18;;;4,64;-19.320.775,26;567,00;Passiva;758.400,00
PATA11;10,40;0,087886;2,40;9,96;1,04;651,68;2,23;;;16.948.763,58;190,00;Ativa;1.702.007,00
PATB11;0,00;7,054465;0,00;199,42;;;3,61;;;799.160.671,16;1,00;Ativa;4.007.458,00
PATC11;33,97;0,150000;12,98;41,17;0,83;46.968,68;0,82;10,00;-17,50;143.175.032,03;6.847,00;Ativa;3.477.434,00
PATL11;48,81;0,570000;14,38;98,39;0,50;568.584,95;1,21;0,38;-7,00;491.139.077,74;25.725,00;Ativa;4.991.535,00
PBLV11;663,11;45,642110;13,34;1.600,30;0,41;0,00;1,89;;;6.625.139.333,01;2,00;Ativa;4.139.940,00
PCAS11;0,00;142,857143;0,00;4.742,70;;;0,82;;;331.988.896,66;100,00;Passiva;70.000,00
PEMA11;31,00;0,509000;17,71;66,87;0,46;512,86;0,91;-25,91;-20,88;36.910.297,50;326,00;Ativa;552.000,00
PLCR11;79,78;0,750000;11,68;91,03;0,88;286.820,82;10,43;-10,73;-0,82;192.003.055,15;16.023,00;Ativa;2.109.169,00
PLRI11;10,17;0,026197;45,88;20,02;0,51;1.783,59;4,23;4,18;-18,17;19.108.225,07;697,00;Ativa;954.304,00
PMFO11;88,56;0,830000;11,59;90,71;0,98;0,00;3,70;;;72.319.625,43;174,00;Ativa;797.295,00
PMIS11;8,82;0,100000;12,69;9,37;0,94;298.069,95;5,30;;;138.687.706,24;8.088,00;Ativa;14.803.242,00
PNCR11;59,99;0,760000;19,82;60,04;1,00;111,82;1,36;;;30.020.902,60;109,00;Ativa;500.000,00
PNDL11;1.172,00;3,410000;0,55;1.075,53;1,09;2.135,00;7,89;;;155.232.834,84;62,00;Ativa;144.332,00
PNLN11;0,00;;0,00;99,19;;;0,71;;;13.732.496,30;51,00;Ativa;138.452,00
PNPR11;75,50;1,230000;1,63;72,75;1,04;12.814,41;0,13;;;65.318.285,21;26,00;Ativa;897.816,00
PNRC11;103,42;0,800000;15,31;98,18;1,05;0,00;6,74;;;40.263.648,59;105,00;Ativa;410.100,00
PORD11;7,87;0,091000;14,21;9,57;0,82;538.179,45;22,63;-9,29;-3,54;356.643.604,09;39.019,00;Ativa;37.283.750,00
PQAG11;57,87;0,460000;9,49;57,49;1,01;1.644,91;1,47;4,00;-0,18;804.441.008,45;479,00;Ativa;13.991.890,00
PQDP11;2.020,51;16,062312;9,76;3.455,80;0,58;242.514,82;2,98;2,80;1,71;347.519.041,51;3.624,00;Passiva;100.561,00
PRSN11B;1,48;0,178088;12,03;3,32;0,45;;84,59;;-10,14;10.718.356,41;1.023,00;Ativa;3.231.246,00
PRSV11;59,00;1,620000;0,00;166,17;0,36;3.752,45;0,19;28,92;-22,86;34.016.423,07;863,00;Passiva;204.709,00
PRTS11;117,70;0,054870;0,00;63,81;1,84;;3,50;;;118.155.565,38;8.102,00;;1.851.786,00
PRZS11;0,00;;0,00;133,56;;;0,01;;;99.053.162,04;20,00;Ativa;741.649,00
PULV11;9,49;0,095000;11,55;9,80;0,97;49.611,82;2,19;;;117.592.127,57;721,00;Ativa;12.000.240,00
PVBI11;76,74;0,550000;10,10;105,13;0,73;5.420.042,82;1,18;7,72;-2,61;2.852.117.593,91;166.508,00;Ativa;27.130.067,00
QAGR11;43,96;0,440000;11,97;60,53;0,73;162.884,32;0,79;3,51;-1,04;305.077.850,78;18.975,00;Ativa;5.040.000,00
QAMI11;84,68;1,000000;0,00;63,81;1,33;3.046,32;3,50;;-3,42;118.155.565,38;8.102,00;;1.851.786,00
QIRI11;78,04;0,660000;0,00;63,81;1,22;;3,50;;-3,26;118.155.565,38;8.102,00;;1.851.786,00
QNTS11;0,00;0,016200;0,00;127,91;;;1,31;;;166.863.860,84;133,00;Ativa;1.304.552,00
QTZD11;0,00;;0,00;9,84;;;54,83;;;4.184.546,80;32,00;Ativa;425.332,00
RBBV11;100,00;0,224057;0,00;63,81;1,57;;3,50;75,40;;118.155.565,38;8.102,00;;1.851.786,00
RBCB11;19,00;0,300000;0,00;63,81;0,30;;3,50;-15,04;;118.155.565,38;8.102,00;;1.851.786,00
RBDS11;2,99;2,354143;0,00;18,75;0,16;228,23;21,58;18,99;-32,97;2.372.684,71;896,00;Ativa;126.523,00
RBED11;108,00;8,400000;21,55;145,41;0,74;315.052,91;3,70;18,94;-3,72;342.452.410,07;12.459,00;Ativa;2.355.022,00
RBFF11;50,71;0,510000;12,03;63,69;0,80;544.595,05;4,00;1,29;0,50;238.783.512,08;24.044,00;Ativa;3.749.215,00
RBGS11;28,45;0,176600;0,00;63,81;0,45;;3,50;4,91;-2,22;118.155.565,38;8.102,00;;1.851.786,00
RBHG11;76,90;0,850000;14,56;87,57;0,88;315.426,86;3,14;-8,21;-0,91;189.838.549,44;10.748,00;Ativa;2.167.957,00
RBHY11;82,42;1,000000;14,86;93,36;0,88;255.843,59;5,56;-10,31;-4,04;176.778.574,30;3.539,00;Ativa;1.893.505,00
RBIR11;78,65;2,000000;3,83;100,79;0,78;116.571,64;1,07;;1,90;154.071.988,54;1.591,00;Ativa;1.528.615,00
RBLG11;61,50;0,750000;17,56;72,42;0,85;1.945,32;3,28;3,15;-9,72;46.364.220,93;261,00;Ativa;640.199,00
RBOP11;350,00;3,500000;16,23;758,33;0,46;24.493,55;5,02;-26,18;-20,59;77.095.275,68;3.532,00;Ativa;101.664,00
RBRD11;35,04;0,380000;12,44;63,51;0,55;29.608,00;3,06;0,39;-7,51;117.610.204,60;7.999,00;Ativa;1.851.786,00
RBRF11;6,55;0,090000;10,81;8,51;0,77;2.427.753,55;0,58;-1,35;-0,40;1.164.884.542,36;131.188,00;Ativa;136.807.700,00
RBRI11;916,82;47,000000;18,22;1.090,75;0,84;0,00;5,34;;;152.339.255,11;100,00;Ativa;139.665,00
RBRL11;72,50;0,770000;11,38;102,85;0,70;860.250,64;1,07;0,76;-4,61;687.779.946,36;14.656,00;Ativa;6.687.035,00
RBRM11;94.794,81;2.002,089652;0,00;5.301,98;17,88;;100,00;;;2.860.101,93;54,00;Ativa;539,00
RBRP11;53,03;0,540000;10,81;76,58;0,69;1.064.980,00;3,51;2,76;-6,01;932.639.267,70;81.185,00;Ativa;12.179.186,00
RBRR11;81,60;0,800000;11,99;93,51;0,87;3.362.597,50;0,44;-7,94;-3,93;1.407.993.263,10;133.163,00;Ativa;15.057.201,00
RBRS11;40,90;0,070000;2,00;91,86;0,45;22.266,36;2,31;0,07;-14,79;159.313.288,29;1.122,00;Ativa;1.734.299,00
RBRU11;0,00;;0,00;63,81;;;3,50;;;118.155.565,38;8.102,00;;1.851.786,00
RBRX11;8,21;0,080000;15,10;9,54;0,86;731.426,27;3,89;;;281.039.123,01;14.808,00;Ativa;29.468.659,00
RBRY11;91,55;0,900000;12,79;97,62;0,94;3.580.028,14;4,29;-6,92;-1,58;1.246.590.082,22;63.889,00;Ativa;12.769.512,00
RBTS11;590,00;22,998673;3,90;528,15;1,12;3.567,09;12,79;;;29.853.616,35;141,00;Ativa;56.525,00
RBVA11;94,91;1,000000;12,64;107,67;0,88;1.785.486,91;5,42;0,91;1,04;1.344.249.003,88;64.361,00;Ativa;12.485.334,00
RBVO11;5,70;0,010000;42,72;5,61;1,02;48.816,55;100,29;71,05;-27,23;2.892.482,45;6.830,00;Ativa;515.824,00
RCFA11;0,97;;0,00;19,45;0,05;615,50;0,01;;20,10;11.355.442,56;280,00;Passiva;583.926,00
RCFF11;90,02;19,000000;23,12;123,50;0,73;8,77;23,59;;-1,94;39.915.851,69;80,00;Ativa;323.200,00
RCKF11;0,00;;0,00;63,81;;;3,50;;;118.155.565,38;8.102,00;;1.851.786,00
RCRB11;126,17;1,050000;8,91;204,93;0,62;1.346.234,05;1,17;11,27;-2,45;756.340.249,18;34.344,00;Ativa;3.690.695,00
RCRI11B;1.200,00;12,481836;0,00;63,81;18,81;;3,50;;;118.155.565,38;8.102,00;;1.851.786,00
RDCI11;0,00;31,150000;0,00;85,19;;;12,23;;;221.648.662,79;114,00;Ativa;2.601.800,00
RDLI11;100,00;;0,00;95,27;1,05;0,00;9,33;;;154.188.774,91;210,00;Ativa;1.618.493,00
RDLS11;0,00;;0,00;1.000,73;;;20,78;;;205.149.413,45;31,00;;205.000,00
RECD11;11,00;;0,00;10,14;1,08;23.753,44;29,33;;;55.297.398,94;144,00;Ativa;5.453.775,00
RECH11;0,00;;0,00;63,81;;;3,50;;;118.155.565,38;8.102,00;;1.851.786,00
RECM11;0,00;;0,00;9,79;;;62,42;;;82.206.142,26;58,00;Ativa;8.400.517,00
RECR11;76,00;1,080600;13,71;92,08;0,83;3.062.591,82;6,53;-8,24;-6,72;2.434.740.591,37;170.849,00;Ativa;26.441.650,00
RECT11;28,48;0,360000;15,85;91,99;0,31;342.581,05;0,15;-9,85;-22,73;785.911.692,89;56.626,00;Ativa;8.543.493,00
RECX11;67,99;0,600000;8,21;72,78;0,93;0,00;40,72;-12,46;-8,67;15.889.262,04;592,00;Ativa;218.313,00
REIT11;90,06;2,337300;9,83;284,32;0,32;8,18;9,88;;-51,46;7.475.126,43;67,00;Ativa;26.291,00
RELG11;56,76;0,100000;1,34;127,02;0,45;97.032,50;0,39;-37,93;-9,50;169.512.288,59;4.555,00;Ativa;1.334.562,00
RENV11;10,34;0,095000;2,51;9,82;1,05;74.831,18;84,50;;;10.080.187,31;480,00;Ativa;1.026.794,00
RFOF11;63,00;0,690000;13,78;70,55;0,89;116.297,86;4,44;2,46;-1,24;76.067.671,74;4.688,00;Ativa;1.078.164,00
RINV11;104,15;1,100000;13,85;104,12;1,00;530.316,27;2,85;;;201.846.147,51;3.409,00;Ativa;1.938.647,00
RMAI11;73,00;0,470000;7,62;102,18;0,71;25.701,14;0,35;14,98;32,77;249.697.796,14;1.091,00;Ativa;2.443.800,00
RNDP11;42,10;0,690000;24,61;62,88;0,67;8.358,86;15,30;-39,16;-59,16;6.758.461,60;1.236,00;Ativa;107.481,00
RNGO11;47,50;0,380000;9,68;82,87;0,57;156.776,59;1,24;-0,50;-3,73;221.756.362,86;8.769,00;Passiva;2.676.000,00
ROOF11;689,77;41,715400;0,00;504,64;1,37;0,00;8,16;;;39.106.988,11;79,00;Ativa;77.495,00
RPRI11;86,40;0,950000;13,98;99,29;0,87;567.683,09;4,91;;;344.691.689,05;4.553,00;Ativa;3.471.728,00
RRCI11;69,90;0,850000;14,86;90,92;0,77;46.015,32;10,70;-9,48;-1,86;43.798.999,08;2.045,00;Ativa;481.757,00
RSPD11;1.025,00;20,132742;2,29;1.101,96;0,93;186,36;0,46;;;164.204.751,49;139,00;Ativa;149.011,00
RTEL11;0,00;;0,00;102,82;;;13,46;;;35.698.692,68;549,00;Ativa;347.200,00
RVBI11;64,50;0,750000;13,80;76,97;0,84;1.492.555,91;0,48;-0,37;-3,38;790.903.830,21;47.725,00;Ativa;10.276.012,00
RZAK11;79,40;1,070000;17,61;88,58;0,90;1.749.904,27;0,84;-9,92;-0,63;780.223.327,56;53.605,00;Ativa;8.807.885,00
RZAT11;86,60;0,980000;16,13;100,54;0,86;1.592.160,64;12,52;-8,21;-5,28;425.771.991,58;39.506,00;Ativa;4.235.042,00
RZDM11;550,16;2,900000;0,00;63,81;8,62;;3,50;;;118.155.565,38;8.102,00;;1.851.786,00
RZLC11;1.004,08;10,209911;2,02;994,28;1,01;1.720.980,18;1,09;;;49.713.814,14;6,00;Ativa;50.000,00
RZTR11;88,05;0,900000;12,95;97,77;0,90;5.393.681,09;1,44;-8,74;-1,92;1.843.152.511,64;130.863,00;Ativa;18.851.720,00
RZZI11;0,00;;0,00;1.000,19;;;1,16;;;47.098.083,04;114,00;;47.089,00
RZZR11;139,00;1,150000;9,79;164,72;0,84;34.593,68;1,77;2,69;-0,90;792.805.570,32;349,00;Passiva;4.813.172,00
SACL11;0,00;;0,00;63,81;;;3,50;;;118.155.565,38;8.102,00;;1.851.786,00
SADI11;8,32;0,087000;13,27;9,53;0,87;364.819,50;6,63;-0,42;1,49;147.625.427,83;10.308,00;Ativa;15.486.840,00
SAIC11B;0,00;0,662215;0,00;55,03;;0,00;1,67;;;78.685.592,00;45,00;Passiva;1.429.740,00
SALI11;0,00;;0,00;90,27;;;5,42;;;7.182.392,11;2,00;Passiva;79.565,00
SAPI11;8,15;0,090000;12,29;98,73;0,08;318.834,18;19,18;;;152.404.397,77;2.732,00;Ativa;1.543.684,00
SARE11;3,76;0,020000;10,27;87,42;0,04;705.840,23;2,32;-20,46;-17,76;807.309.472,28;34.297,00;Ativa;9.234.329,00
SBCL11;0,00;;0,00;9,37;;;121,31;;;281.061,60;3,00;Ativa;30.000,00
SCPF11;2,02;0,045000;3,71;11,85;0,17;3.666,05;0,63;6,06;-38,08;49.781.465,53;4.785,00;Ativa;4.200.000,00
SEED11;100,12;1,070000;11,17;89,60;1,12;52.694,74;2,19;;;146.942.307,63;130,00;Ativa;1.640.000,00
SEQR11;49,28;0,582300;15,01;92,50;0,53;101.773,86;1,48;-1,42;-12,42;154.076.285,63;5.308,00;Ativa;1.665.695,00
SFND11;83,07;0,100000;0,12;63,81;1,30;;3,50;115,88;;118.155.565,38;8.102,00;;1.851.786,00
SFRO11;0,00;;0,00;63,81;;;3,50;;;118.155.565,38;8.102,00;;1.851.786,00
SHDP11B;0,00;8,142849;0,00;1.421,10;;;2,05;4,30;;1.690.722.482,49;2,00;Passiva;1.189.725,00
SHOP11;54,49;;0,00;39,90;1,37;14,77;0,14;;;59.095.410,21;67,00;Ativa;1.481.266,00
SHPH11;820,05;4,500000;7,00;923,44;0,89;203.373,50;1,37;7,98;0,56;562.329.797,83;2.273,00;Passiva;608.950,00
SHSO11;0,00;0,420000;0,00;63,81;;;3,50;;;118.155.565,38;8.102,00;;1.851.786,00
SIGR11;99,90;1,295000;6,63;100,19;1,00;72,73;10,00;;;68.168.817,65;175,00;Ativa;680.426,00
SJAU11;51,09;11,880000;23,25;62,84;0,81;395,55;0,01;;;498.481.763,74;219,00;Passiva;7.932.248,00
SLDZ11;0,00;;0,00;0,00;;;;;;-172.660,39;2,00;Ativa;5.025,00
SMRE11;100,00;1,013673;6,40;104,54;0,96;1.086.266,32;51,48;;;98.796.188,54;2,00;Ativa;945.078,00
SNCI11;90,00;1,000000;12,83;98,53;0,91;580.294,82;4,88;-8,45;-1,74;413.808.448,77;41.363,00;Ativa;4.200.000,00
SNEL11;8,99;0,100000;13,61;7,01;1,28;980.388,64;6,84;;;132.425.356,73;20.206,00;Ativa;18.898.185,00
SNFF11;82,70;0,720000;13,18;86,47;0,96;365.532,05;6,71;8,64;-0,69;258.229.204,58;30.435,00;Ativa;2.986.443,00
SNLG11;29,60;0,360000;6,82;45,24;0,65;50.914,45;4,78;;-23,46;114.445.551,93;3.606,00;Ativa;2.529.966,00
SNME11;9,62;0,100000;13,36;9,63;1,00;44.580,73;3,28;;;71.473.961,80;3.463,00;Ativa;7.418.243,00
SOLR11;1.051,35;4,770765;0,00;927,22;1,13;0,00;0,73;;;59.775.731,75;55,00;Ativa;64.468,00
SPAF11;0,00;7,435052;0,00;956,95;;;2,36;13,22;;10.784.780,59;1,00;Ativa;11.270,00
SPDE11;1.176,02;61,880000;6,02;1.064,24;1,11;56.268,18;1,17;;;97.271.230,23;121,00;Ativa;91.400,00
SPGM11;10,67;;0,00;9,82;1,09;0,00;1,39;;;28.266.318,34;31,00;Passiva;2.879.670,00
SPMO11;144,00;0,430000;0,00;133,63;1,08;0,00;0,01;;;242.032.725,82;18,00;Ativa;1.811.236,00
SPTW11;29,90;0,400000;17,69;57,49;0,52;101.254,27;5,97;3,29;-13,05;103.362.110,64;21.951,00;Passiva;1.798.000,00
SPVJ11;0,00;14,831100;0,00;111,54;;;3,07;39,23;;704.020.762,20;26,00;Ativa;6.312.090,00
SPXC11;0,00;;0,00;63,81;;;3,50;;;118.155.565,38;8.102,00;;1.851.786,00
SPXG11;0,00;;0,00;63,81;;;3,50;;;118.155.565,38;8.102,00;;1.851.786,00
SPXL11;0,00;;0,00;63,81;;;3,50;;;118.155.565,38;8.102,00;;1.851.786,00
SPXS11;8,89;0,100000;12,98;9,53;0,93;562.722,05;8,86;;;192.356.088,03;19.272,00;Ativa;20.189.040,00
SRVD11;3,00;0,200000;0,00;0,54;5,56;;0,21;;;52.384.891,92;106,00;Ativa;96.286.020,00
STRX11;159,65;0,750000;6,18;146,98;1,09;0,00;0,80;2,79;;237.160.423,48;109,00;Ativa;1.613.559,00
TBOF11;15,56;0,822740;0,00;63,81;0,24;;3,50;74,62;;118.155.565,38;8.102,00;;1.851.786,00
TCIN11;145,92;;0,00;125,55;1,16;0,00;0,64;;;106.672.683,94;88,00;Ativa;849.660,00
TCPF11;39,53;1,310000;13,81;108,90;0,36;0,00;4,98;;;32.379.522,22;52,00;Ativa;297.327,00
TELD11;0,00;;0,00;26,80;;;1,28;;;12.598.812,06;2,00;Ativa;470.116,00
TELF11;0,00;;0,00;63,81;;;3,50;;;118.155.565,38;8.102,00;;1.851.786,00
TELM11;0,00;;0,00;9,98;;;72,97;;;15.421.032,48;80,00;;1.544.831,00
TEPP11;84,51;0,780000;12,25;97,50;0,87;1.272.159,50;1,14;20,74;8,30;411.657.468,71;29.837,00;Ativa;4.221.967,00
TFOF11;138,00;2,370000;0,00;63,81;2,16;;3,50;29,98;;118.155.565,38;8.102,00;;1.851.786,00
TGAR11;96,96;1,150000;15,86;112,45;0,86;8.594.064,50;4,41;-3,19;-4,73;2.650.327.678,98;175.473,00;Ativa;23.567.968,00
THRA11;138,50;0,130000;0,00;63,81;2,17;;3,50;90,73;;118.155.565,38;8.102,00;;1.851.786,00
TJKB11;320,00;3,270000;9,44;268,49;1,19;4.690,91;4,74;;;264.900.351,27;169,00;Ativa;986.612,00
TMPS11;82,31;1,070000;14,37;95,24;0,86;364.168,68;8,46;;;93.236.253,22;1.983,00;Ativa;978.968,00
TOPP11;81,40;0,680000;0,86;97,05;0,84;562.182,55;100,01;;;439.450.890,27;5.101,00;Ativa;4.528.240,00
TORD11;0,91;0,050000;0,00;6,68;0,14;66.811,55;2,35;;-54,93;234.097.073,44;76.380,00;Ativa;35.051.354,00
TORM13;142,00;10,562960;0,00;63,81;2,23;;3,50;;12,40;118.155.565,38;8.102,00;;1.851.786,00
TOUR11;8,80;0,242328;0,00;63,81;0,14;;3,50;;-12,93;118.155.565,38;8.102,00;;1.851.786,00
TRBL11;69,85;0,620000;13,90;99,79;0,70;2.858.871,32;8,74;1,89;-6,05;772.301.555,04;57.998,00;Ativa;7.739.092,00
TRNT11;114,99;0,070000;1,27;201,97;0,57;35.408,77;0,93;-14,19;1,18;794.867.022,41;604,00;Passiva;3.935.562,00
TRXB11;138,38;1,000000;10,64;117,18;1,18;3.591,73;0,74;5,90;6,44;400.037.886,25;349,00;Passiva;3.413.849,00
TRXF11;100,02;0,930000;11,87;103,82;0,96;6.641.491,95;3,87;5,18;2,08;2.080.060.208,42;184.460,00;Ativa;20.035.563,00
TRXY11;0,00;;0,00;;;;;;;;;;0,00
TSER11;96,27;0,970000;11,82;98,92;0,97;0,00;6,75;1,94;;136.980.015,39;21,00;Ativa;1.384.760,00
TSNC11;1,00;7,361195;2.208,36;81,13;0,01;0,67;7,29;-38,46;;88.170.964,13;66,00;Ativa;1.086.780,00
TSNM11;0,00;;0,00;63,81;;;3,50;;;118.155.565,38;8.102,00;;1.851.786,00
TVRI11;88,70;0,980000;13,03;101,41;0,87;1.534.087,05;3,43;2,32;1,53;1.614.374.101,59;69.182,00;Ativa;15.919.690,00
URHF11;115,00;1,190000;4,28;97,80;1,18;616,59;4,89;;;10.798.853,62;155,00;Ativa;110.417,00
URPR11;61,59;0,870000;20,23;101,81;0,61;2.250.717,95;1,38;-13,74;-16,59;1.194.618.788,09;81.178,00;Ativa;11.733.895,00
VCHG11;0,00;;0,00;63,81;;;3,50;;;118.155.565,38;8.102,00;;1.851.786,00
VCJR11;83,60;0,700000;13,16;95,13;0,88;2.484.288,36;10,85;-5,66;-3,86;1.400.722.001,37;34.659,00;Ativa;14.723.970,00
VCRI11;7,23;0,085000;15,42;9,47;0,76;341.238,86;8,71;;;168.363.078,33;11.218,00;Ativa;17.773.297,00
VCRR11;63,70;0,600000;12,51;130,49;0,49;185.857,86;1,39;-0,29;-4,16;260.987.737,99;4.255,00;Ativa;2.000.000,00
VCTH11;0,00;;0,00;80,33;;;5,04;;;13.308.261,95;62,00;;165.666,00
VDSV11;0,00;;0,00;977,46;;;9,35;;;37.277.557,61;84,00;Ativa;38.137,00
VERE11;423,45;1,100000;6,66;478,71;0,88;0,00;0,59;9,23;;302.986.109,58;112,00;Ativa;632.918,00
VGHF11;7,82;0,090000;14,19;8,92;0,88;3.408.843,41;1,43;-11,66;-6,28;1.468.874.083,41;412.791,00;Ativa;164.721.683,00
VGII11;93,30;1,750000;13,01;96,25;0,97;0,00;1,12;;;49.939.658,26;3,00;Passiva;518.865,00
VGIP11;78,01;0,720000;12,83;90,99;0,86;1.677.386,23;1,44;-11,92;-6,03;1.072.469.383,58;89.322,00;Ativa;11.787.247,00
VGIR11;9,58;0,110000;13,26;9,73;0,98;5.948.075,86;16,14;-3,45;1,77;1.421.265.250,77;262.277,00;Ativa;146.101.287,00
VGRI11;8,24;0,150000;14,20;9,76;0,84;370.016,18;6,21;;;341.922.561,25;3.026,00;Ativa;35.021.736,00
VIDS11;915,64;2,847092;8,19;906,43;1,01;0,00;2,60;;;82.975.951,94;199,00;Ativa;91.541,00
VIFI11;7,10;0,070000;12,25;8,41;0,84;105.471,82;6,41;5,21;-53,62;68.007.064,87;5.899,00;Ativa;8.089.190,00
VILG11;77,33;0,610000;9,54;113,48;0,68;1.734.449,82;3,28;-4,34;-4,97;1.701.890.060,03;156.058,00;Ativa;14.997.396,00
VINO11;4,95;0,050000;13,60;10,73;0,46;749.575,23;3,44;-8,90;-23,78;888.711.448,21;153.106,00;Ativa;82.826.295,00
VISC11;100,45;0,800000;11,08;126,29;0,80;5.254.685,23;9,60;9,49;2,06;3.640.636.766,81;351.617,00;Ativa;28.828.640,00
VIUR11;5,69;0,067000;14,39;8,80;0,65;195.683,14;1,98;-1,50;-9,08;237.195.762,98;49.164,00;Ativa;26.946.220,00
VJFD11;155,02;0,750000;7,05;154,55;1,00;0,00;0,85;-7,11;;753.607.692,56;97,00;Ativa;4.876.129,00
VLIQ11;0,00;;0,00;63,81;;;3,50;;;118.155.565,38;8.102,00;;1.851.786,00
VLJS11;1.141,14;28,819221;0,00;852,14;1,34;;1,37;;;22.214.094,44;9,00;Passiva;26.068,00
VLOL11;98,00;1,856441;0,00;63,81;1,54;;3,50;14,56;-0,07;118.155.565,38;8.102,00;;1.851.786,00
VOTS11;75,68;0,700000;14,14;93,78;0,81;2.030,91;28,08;-8,39;-3,36;77.645.133,60;675,00;Ativa;827.913,00
VPSI11;15,61;0,193899;17,07;31,43;0,50;0,68;0,71;7,51;;253.662.294,78;121,00;Ativa;8.071.897,00
VRTA11;79,92;0,800000;12,51;90,67;0,88;1.727.202,68;2,44;-10,49;-6,32;1.413.777.341,89;121.350,00;Ativa;15.592.424,00
VRTM11;7,32;0,085000;13,87;9,52;0,77;407.436,77;16,44;;;447.180.874,20;12.932,00;Ativa;46.971.245,00
VSEC11;0,21;0,080000;0,00;63,81;0,00;;3,50;-0,62;-85,86;118.155.565,38;8.102,00;;1.851.786,00
VSHO11;69,07;0,720000;11,42;103,70;0,67;50.072,82;1,08;3,87;-2,13;217.651.027,40;3.595,00;Ativa;2.098.800,00
VSLH11;3,28;0,040000;14,63;10,95;0,30;152.717,23;1,96;-29,10;-29,70;327.077.112,86;78.739,00;Ativa;29.864.091,00
VTBL11;0,00;0,431800;0,00;88,50;;;2,20;;;19.995.323,85;13,00;Ativa;225.930,00
VTLT11;89,57;0,930000;12,36;112,88;0,79;80.562,50;3,26;4,15;1,37;238.740.077,33;6.162,00;Ativa;2.115.000,00
VTPA11;0,00;;0,00;104,45;;;0,31;;;68.923.750,48;1,00;Ativa;659.857,00
VTPL11;72,10;5,110000;0,00;71,94;1,00;0,00;2,98;;;99.719.317,69;124,00;Ativa;1.386.242,00
VTRT11;0,00;0,107508;0,00;63,81;;;3,50;;;118.155.565,38;8.102,00;;1.851.786,00
VTVI11;0,00;;0,00;30,47;;;1,69;;;54.262.448,36;1,00;Ativa;1.780.984,00
VTXI11;0,00;;0,00;5,22;;;55,74;;;540.091,83;2,00;Ativa;103.500,00
VVCO11;13,20;0,323281;0,00;14,22;0,93;70.951,00;1,20;;27,03;140.816.121,76;3.124,00;Ativa;9.900.000,00
VVCR11;9,50;0,080000;13,61;10,61;0,90;381.150,18;5,22;-42,78;-47,02;79.690.179,57;2.478,00;Ativa;7.508.332,00
VVMR11;86,97;0,500000;9,98;112,43;0,77;46.744,68;0,64;-1,53;2,81;317.396.939,81;751,00;Ativa;2.823.180,00
VVPR11;101,50;0,892340;0,00;63,81;1,59;;3,50;;2,59;118.155.565,38;8.102,00;;1.851.786,00
VVRI11;99,00;0,750000;12,45;100,41;0,99;690.591,09;16,44;;;80.595.254,32;176,00;Ativa;802.683,00
VXXV11;685,00;93,020000;27,16;659,94;1,04;129.000,14;1,41;;-6,94;182.437.338,67;20,00;Ativa;276.446,00
WHGR11;9,04;0,100000;13,22;9,60;0,94;531.201,73;2,71;;;296.806.229,65;13.079,00;Ativa;30.912.378,00
WPLZ11;55,00;0,290000;8,45;88,38;0,62;3.881,00;1,78;0,95;-3,20;95.766.180,98;1.759,00;Passiva;1.083.549,00
WSEC11;8,10;0,085000;14,35;10,20;0,79;16.604,55;16,00;;;25.050.307,60;552,00;Ativa;2.456.510,00
WTSP11B;36,00;10,250000;41,61;79,31;0,45;;13,22;64,90;-9,78;98.231.212,53;215,00;Ativa;1.238.572,00
XBXO11;0,00;;0,00;93,61;;;0,00;;;284.819.330,95;5,00;Ativa;3.042.600,00
XPCI11;80,19;0,800000;12,84;89,81;0,89;1.780.434,73;10,81;-5,49;-4,15;781.494.443,86;76.924,00;Ativa;8.701.551,00
XPCM11;7,17;0,020000;1,26;28,71;0,25;16.645,82;3,47;-34,84;-28,49;69.321.774,17;20.100,00;Passiva;2.414.570,00
XPIN11;70,84;0,740000;11,72;105,76;0,67;462.800,23;5,38;0,89;-4,78;756.205.125,34;47.261,00;Ativa;7.150.422,00
XPLG11;96,50;0,780000;9,70;112,47;0,86;4.173.508,23;7,95;4,51;3,11;3.330.645.809,18;351.107,00;Ativa;29.613.233,00
XPML11;104,00;0,920000;11,37;119,16;0,87;13.026.235,50;19,85;9,83;4,81;6.592.134.243,05;547.001,00;Ativa;55.320.191,00
XPPR11;14,80;0,070000;6,08;62,52;0,24;127.879,00;1,98;-43,35;-37,34;457.413.170,30;45.908,00;Ativa;7.316.171,00
XPSF11;6,55;0,070000;13,36;7,98;0,82;486.733,23;2,38;1,21;-2,79;345.399.867,85;63.835,00;Ativa;43.302.140,00
YEES11;102,05;;0,00;87,58;1,17;0,00;45,55;;;7.879.570,95;128,00;Ativa;89.969,00
YUFI11;88,87;0,101610;2,89;105,21;0,84;0,00;0,83;;;51.833.276,84;58,00;Ativa;492.650,00
ZAGH11;12,90;0,070000;4,03;9,57;1,35;1.190,64;13,30;;;44.483.015,06;261,00;;4.645.960,00
ZAVC11;10,49;0,130000;6,58;10,10;1,04;1.487,14;13,77;;;31.271.344,03;130,00;Ativa;3.097.348,00
ZAVI11;103,05;1,150000;13,96;131,64;0,78;127.158,59;6,01;;;154.456.975,43;4.112,00;Ativa;1.173.322,00
ZIFI11;790,00;3,304958;0,00;1.773,56;0,45;581,77;0,10;;-9,05;84.217.703,27;94,00;Ativa;47.485,00
